d,n,lamb,exact_loss_ridge,exact_loss_jorg,baseline,pp_train_mean,pp_train_std,pp_test_mean,pp_test_std,jorg_train_mean,jorg_train_std,jorg_test_mean,jorg_test_std
30,100,10,0.0021938011490127826,0.0021930201036558885,0.0043868212526686715,1.4514423010028834,1.6746034670404206,1.389138312998692,1.6206244218949073,1.7741584950305616,2.110424927659673,1.707059055752512,2.0547300577082805
30,100,25,0.0021394507969987086,0.0021396451677926655,0.004279095964791374,0.14007545060191964,0.15990708254162447,0.1340011777064614,0.1571855370079027,0.17116011181142737,0.19724704483076,0.16289303996513044,0.18952684586833157
30,100,50,0.0021299660009058796,0.002130211614152039,0.004260177615057918,0.024084976814848245,0.024685115325781472,0.02138493834360811,0.022647039275677905,0.028246881485436495,0.02930645048352405,0.025610370590161587,0.027465519360086926
30,100,100,0.0021308313456482727,0.0021310142048239678,0.004261845550472241,0.007182770047911408,0.004772183341247939,0.005281163227601716,0.0037491753862292925,0.00797591241108224,0.005765845741002386,0.00598095255257931,0.004589442197108516
30,100,200,0.0021335371458641272,0.0021336425499808975,0.004267179695845025,0.004595041490545932,0.001522485700528064,0.002742625179788073,0.0007702685529897874,0.004738920912917779,0.0017428197282480045,0.002898368672095405,0.0009833362208040658
30,100,300,0.002134864211838516,0.0021349436614196645,0.004269807873258181,0.004238363129068455,0.0008899033274400544,0.0023797762413292683,0.00033784525321274876,0.004278467793561193,0.0010006456791186943,0.002440155846462774,0.00041595004819108236
30,100,400,0.0021356164191136426,0.0021356732788724545,0.004271289697986097,0.004138517873927213,0.0006549615878980317,0.002271229740401823,0.0002034074382184338,0.004167653042372342,0.0007296847368356974,0.002302585156086251,0.0002431202454351035
30,100,500,0.0021360973706565996,0.002136146237756484,0.004272243608413084,0.004084006924516516,0.0005083914014110449,0.002220021672437484,0.00014244499652230666,0.0041103844662295,0.0005728100969937689,0.0022387000694351422,0.0001697161709888439
